{"cameraMode":{"drawMode":0,"name":"Shaded","section":"Shading Mode"},"sceneLighting":true,"audioPlay":false,"sceneViewState":{"m_AlwaysRefresh":false,"showFog":true,"showSkybox":true,"showFlares":true,"showImageEffects":true,"showParticleSystems":true,"showVisualEffectGraphs":true,"m_FxEnabled":true},"in2DMode":false,"pivot":{"x":-26.617647171020509,"y":-71.83049011230469,"z":27.841365814208986},"rotation":{"x":-0.1318560540676117,"y":0.03181138634681702,"z":-0.004233550280332565,"w":-0.9907498955726624},"size":226.59210205078126,"orthographic":false}