{"cameraMode":{"drawMode":0,"name":"Shaded","section":"Shading Mode"},"sceneLighting":false,"audioPlay":false,"sceneViewState":{"m_AlwaysRefresh":false,"showFog":true,"showSkybox":false,"showFlares":true,"showImageEffects":true,"showParticleSystems":true,"showVisualEffectGraphs":true,"m_FxEnabled":true},"in2DMode":false,"pivot":{"x":0.049939632415771487,"y":7.607460975646973,"z":-22.631879806518556},"rotation":{"x":-0.01169585157185793,"y":-0.9375606775283814,"z":0.031499311327934268,"w":-0.34643319249153139},"size":9.761479377746582,"orthographic":false}